{"train/loss":3.1846,"_timestamp":1.7564766014139915e+09,"train/learning_rate":2.872172276835704e-05,"eval/steps_per_second":22.884,"_wandb":{"runtime":292},"train/global_step":217,"eval/runtime":5.506,"eval/loss":3.1757514476776123,"train/epoch":0.14214594523778332,"_runtime":292,"train/grad_norm":2.015625,"eval/samples_per_second":182.166,"_step":224}