{"train/epoch":0.9745243469848436,"train/global_step":1511,"eval/steps_per_second":25.062,"_step":1570,"eval/samples_per_second":199.502,"train/learning_rate":1.7592836275618364e-07,"train/grad_norm":0.83203125,"eval/runtime":5.0275,"_timestamp":1.7564799750790205e+09,"train/loss":2.2882,"_wandb":{"runtime":2045},"_runtime":2045,"eval/loss":2.3028502464294434}