{"train/epoch":5.2925547867629673e-05,"_timestamp":1.756531152461159e+09,"_wandb":{"runtime":11},"_runtime":11,"train/global_step":3,"_step":2,"train/loss":18.118,"train/grad_norm":163,"train/learning_rate":2.1164021164021165e-07}