{"_timestamp":1.7564835950020168e+09,"train/epoch":6.653507507374304e-05,"_runtime":19,"train/loss":18.1166,"_step":1,"train/grad_norm":167,"train/global_step":2,"train/learning_rate":1.986754966887417e-06,"_wandb":{"runtime":19}}