{"_wandb":{"runtime":18},"_runtime":18,"_step":2,"train/grad_norm":169,"train/learning_rate":3.614457831325301e-06,"train/loss":18.1544,"_timestamp":1.7564844833694882e+09,"train/epoch":9.072946489777813e-05,"train/global_step":3}