{"train/loss":18.1179,"_timestamp":1.756531103712515e+09,"_runtime":59,"_wandb":{"runtime":59},"train/grad_norm":164,"train/learning_rate":1.8387096774193547e-06,"train/global_step":20,"train/epoch":0.0003225936529698778,"_step":19}